user_name,user_id,2025-03-01,2025-03-02,2025-03-03,2025-03-04,2025-03-05,2025-03-06,2025-03-07,2025-03-10,2025-03-11,2025-03-12,2025-03-15,2025-03-16,2025-03-18,2025-03-20,2025-03-22,2025-03-24,2025-03-25,2025-03-28,2025-03-30,2025-04-01,2025-04-02,2025-04-03,2025-04-04,2025-04-05,2025-04-07,2025-04-08,2025-04-09,2025-04-10,2025-04-11,2025-04-12,2025-04-13,2025-04-14,2025-04-15,2025-04-16,2025-04-17,2025-04-18,2025-04-19,2025-04-20,2025-04-21,2025-04-22,2025-04-24,2025-04-25,2025-04-28,2025-04-30,2025-05-01,2025-05-02,2025-05-03,2025-05-04,2025-05-05,2025-05-06,2025-05-07,2025-05-08,2025-05-09,2025-05-10,2025-05-12,2025-05-14,2025-05-15,2025-05-16,2025-05-18,2025-05-20,2025-05-21,2025-05-22,2025-05-24,2025-05-25,2025-05-26,2025-05-27,2025-05-28,2025-05-30
山田太郎,taro.yamada,テレワーク（夜）,テレワーク,その他,テレワーク（夜）,その他,テレワーク,その他,テレワーク,その他（夜）,テレワーク,その他,テレワーク（夜）,その他,テレワーク,その他（夜）,テレワーク,その他,テレワーク（夜）,その他,テレワーク,その他（夜）,テレワーク,その他,テレワーク（夜）,その他,テレワーク,その他（夜）,テレワーク,,その他,テレワーク（夜）,その他,テレワーク,その他（夜）,テレワーク,その他,,テレワーク（夜）,その他,テレワーク,その他（夜）,テレワーク,その他,テレワーク（夜）,その他,テレワーク,その他（夜）,テレワーク,その他,テレワーク（夜）,その他,テレワーク,その他（夜）,テレワーク,その他,テレワーク（夜）,その他,テレワーク,その他（夜）,テレワーク,その他,テレワーク（夜）,その他,テレワーク,その他（夜）,テレワーク,その他,テレワーク
佐藤花子,hanako.sato,テレワーク（夜）,その他,テレワーク,その他（夜）,テレワーク,その他,テレワーク（夜）,その他,テレワーク,その他（夜）,テレワーク,その他,テレワーク（夜）,その他,テレワーク,その他（夜）,テレワーク,その他,テレワーク（夜）,その他,テレワーク,その他（夜）,テレワーク,その他,テレワーク（夜）,その他,テレワーク,その他（夜）,,テレワーク,その他,テレワーク（夜）,その他,テレワーク,その他（夜）,テレワーク,,その他,テレワーク（夜）,その他,テレワーク,その他（夜）,テレワーク,その他,テレワーク（夜）,その他,テレワーク,その他（夜）,テレワーク,その他,テレワーク（夜）,その他,テレワーク,その他（夜）,テレワーク,その他,テレワーク（夜）,その他,テレワーク,その他（夜）,テレワーク,その他,テレワーク（夜）,その他,テレワーク,その他（夜）,テレワーク,その他
鈴木一郎,ichiro.suzuki,拠点A（夜）,その他,テレワーク,拠点A,その他（夜）,テレワーク,拠点A,その他,テレワーク（夜）,拠点A,その他,テレワーク,拠点A（夜）,その他,テレワーク,拠点A,その他（夜）,テレワーク,拠点A,その他,テレワーク（夜）,拠点A,その他,テレワーク,拠点A（夜）,その他,テレワーク,拠点A,,その他（夜）,テレワーク,拠点A,その他,テレワーク（夜）,拠点A,その他,,テレワーク,拠点A（夜）,その他,テレワーク,拠点A,その他（夜）,テレワーク,拠点A,その他,テレワーク（夜）,拠点A,その他,テレワーク,拠点A（夜）,その他,テレワーク,拠点A,その他（夜）,テレワーク,拠点A,その他,テレワーク（夜）,拠点A,その他,テレワーク,拠点A（夜）,その他,テレワーク,拠点A,その他,テレワーク（夜）
田中太一,taichi.tanaka,その他（夜）,拠点A,その他,テレワーク（夜）,拠点A,その他,テレワーク,拠点A（夜）,その他,テレワーク,拠点A,その他（夜）,テレワーク,拠点A,その他,テレワーク（夜）,拠点A,その他,テレワーク,拠点A（夜）,その他,テレワーク,拠点A,その他（夜）,テレワーク,拠点A,その他,テレワーク（夜）,,拠点A,その他,テレワーク,拠点A（夜）,その他,テレワーク,拠点A,,その他,テレワーク（夜）,拠点A,その他,テレワーク,拠点A（夜）,その他,テレワーク,拠点A,その他（夜）,テレワーク,拠点A,その他,テレワーク（夜）,拠点A,その他,テレワーク,拠点A（夜）,その他,テレワーク,拠点A,その他（夜）,テレワーク,拠点A,その他,テレワーク（夜）,拠点A,その他,テレワーク,拠点A,その他
伊藤誠,makoto.ito,テレワーク（夜）,その他,拠点A,その他（夜）,テレワーク,拠点A,その他,テレワーク（夜）,拠点A,その他,テレワーク,拠点A（夜）,その他,テレワーク,拠点A,その他（夜）,テレワーク,拠点A,その他,テレワーク（夜）,拠点A,その他,テレワーク,拠点A（夜）,その他,テレワーク,拠点A,その他（夜）,,テレワーク,拠点A,その他,テレワーク（夜）,拠点A,その他,テレワーク,,拠点A（夜）,その他,テレワーク,拠点A,その他（夜）,テレワーク,拠点A,その他,テレワーク（夜）,拠点A,その他,テレワーク,拠点A（夜）,その他,テレワーク,拠点A,その他（夜）,テレワーク,拠点A,その他,テレワーク（夜）,拠点A,その他,テレワーク,拠点A（夜）,その他,テレワーク,拠点A,その他,テレワーク
渡辺直美,naomi.watanabe,その他（夜）,テレワーク,その他,拠点A（夜）,テレワーク,その他,拠点A,テレワーク（夜）,その他,拠点B,テレワーク,その他（夜）,拠点A,テレワーク,その他,拠点A（夜）,テレワーク,その他,拠点A,テレワーク（夜）,その他,拠点A,テレワーク,その他（夜）,拠点A,テレワーク,その他,拠点A（夜）,,テレワーク,その他,拠点A,テレワーク（夜）,その他,拠点A,テレワーク,,その他,拠点A（夜）,テレワーク,その他,拠点A,テレワーク（夜）,その他,拠点A,テレワーク,その他（夜）,拠点A,テレワーク,その他,拠点A（夜）,テレワーク,その他,拠点A,テレワーク（夜）,その他,拠点A,テレワーク,その他（夜）,拠点A,テレワーク,その他,拠点A（夜）,テレワーク,その他,拠点A,テレワーク,
高橋和真,kazuma.takahashi,拠点A（夜）,テレワーク,その他,テレワーク（夜）,拠点A,テレワーク,その他,テレワーク（夜）,拠点A,テレワーク,その他,テレワーク（夜）,拠点A,テレワーク,その他,テレワーク（夜）,拠点A,テレワーク,その他,テレワーク（夜）,拠点A,テレワーク,その他,テレワーク（夜）,拠点A,テレワーク,その他,テレワーク（夜）,,拠点A,テレワーク,その他,テレワーク（夜）,拠点A,テレワーク,その他,,テレワーク（夜）,拠点A,テレワーク,その他,テレワーク（夜）,拠点A,テレワーク,その他,テレワーク（夜）,拠点A,テレワーク,その他,テレワーク（夜）,拠点A,テレワーク,その他,テレワーク（夜）,拠点A,テレワーク,その他,テレワーク（夜）,拠点A,テレワーク,その他,テレワーク（夜）,拠点A,テレワーク,その他,テレワーク（夜）,拠点A,テレワーク
山本美咲,misaki.yamamoto,テレワーク（夜）,その他,テレワーク,その他（夜）,テレワーク,その他,テレワーク（夜）,その他,テレワーク,その他（夜）,テレワーク,その他,テレワーク（夜）,その他,テレワーク,その他（夜）,テレワーク,その他,テレワーク（夜）,その他,テレワーク,その他（夜）,テレワーク,その他,テレワーク（夜）,その他,テレワーク,その他（夜）,,テレワーク,その他,テレワーク（夜）,その他,テレワーク,その他（夜）,テレワーク,,その他,テレワーク（夜）,その他,テレワーク,その他（夜）,テレワーク,その他,テレワーク（夜）,その他,テレワーク,その他（夜）,テレワーク,その他,テレワーク（夜）,その他,テレワーク,その他（夜）,テレワーク,その他,テレワーク（夜）,その他,テレワーク,その他（夜）,テレワーク,その他,テレワーク（夜）,その他,テレワーク,その他（夜）,テレワーク,
中村健太,kenta.nakamura,その他（夜）,拠点A,テレワーク,その他（夜）,拠点A,テレワーク,その他,拠点A（夜）,テレワーク,その他,拠点A,テレワーク（夜）,その他,拠点A,テレワーク,その他（夜）,拠点A,テレワーク,その他,拠点A（夜）,テレワーク,その他,拠点A,テレワーク（夜）,その他,拠点A,テレワーク,その他（夜）,テレワーク（夜）,拠点A,テレワーク,その他,拠点A（夜）,テレワーク,その他,拠点A,,テレワーク,その他（夜）,拠点A,テレワーク,その他,拠点A（夜）,テレワーク,その他,拠点A,テレワーク（夜）,その他,拠点A,テレワーク,その他（夜）,拠点A,テレワーク,その他,拠点A（夜）,テレワーク,その他,拠点A,テレワーク（夜）,その他,拠点A,テレワーク,その他（夜）,拠点A,テレワーク,その他,拠点A,テレワーク
小林洋子,yoko.kobayashi,テレワーク（夜）,その他,拠点A,テレワーク（夜）,その他,拠点A,テレワーク,その他（夜）,拠点A,テレワーク,その他,拠点A（夜）,テレワーク,その他,拠点A,テレワーク（夜）,その他,拠点A,テレワーク,その他（夜）,拠点A,テレワーク,その他,拠点A（夜）,テレワーク,その他,拠点A,テレワーク（夜）,,その他,拠点A,テレワーク,その他（夜）,拠点A,テレワーク,その他,,拠点A（夜）,テレワーク,その他,拠点A,テレワーク（夜）,その他,拠点A,テレワーク,その他（夜）,拠点A,テレワーク,その他,拠点A（夜）,テレワーク,その他,拠点A,テレワーク（夜）,その他,拠点A,テレワーク,その他（夜）,拠点A,テレワーク,その他,拠点A（夜）,テレワーク,その他,拠点A,テレワーク,その他,拠点A
加藤大輔,daisuke.kato,拠点A（夜）,テレワーク,その他,拠点A（夜）,テレワーク,その他,拠点A,テレワーク（夜）,その他,拠点A,テレワーク,その他（夜）,拠点A,拠点A,その他,拠点A（夜）,テレワーク,拠点A,拠点A（夜）,テレワーク,その他,拠点A,テレワーク（夜）,その他,拠点A,テレワーク,その他（夜）,拠点A,,テレワーク,その他,拠点A（夜）,テレワーク,その他,拠点A,テレワーク,,その他,拠点A（夜）,テレワーク,その他,拠点A,テレワーク（夜）,その他,拠点A,テレワーク,その他（夜）,拠点A,テレワーク,その他,拠点A（夜）,テレワーク,その他,拠点A,テレワーク（夜）,その他,拠点A,テレワーク,その他（夜）,拠点A,テレワーク,その他,拠点A（夜）,テレワーク,その他,拠点A,テレワーク,その他
佐々木翔太,shota.sasaki,テレワーク（夜）,拠点A,その他,テレワーク（夜）,拠点A,その他,テレワーク,拠点A（夜）,その他,テレワーク,拠点A,その他（夜）,テレワーク,拠点A,その他,テレワーク（夜）,拠点A,その他,テレワーク,拠点A（夜）,その他,テレワーク,拠点A,その他（夜）,テレワーク,拠点A,その他,テレワーク（夜）,,拠点A,その他,テレワーク,拠点A（夜）,その他,テレワーク,拠点A,,その他,テレワーク（夜）,拠点A,その他,テレワーク,拠点A（夜）,その他,テレワーク,拠点A,その他（夜）,テレワーク,拠点A,その他,テレワーク（夜）,拠点A,その他,テレワーク,拠点A（夜）,その他,テレワーク（夜）,拠点A,その他,テレワーク（夜）,拠点A,その他,テレワーク,拠点A（夜）,その他,テレワーク,拠点A,その他
山口春香,haruka.yamaguchi,その他（夜）,テレワーク,その他,テレワーク（夜）,その他,テレワーク,その他（夜）,テレワーク,その他,テレワーク（夜）,その他,テレワーク,その他（夜）,テレワーク,その他,テレワーク（夜）,その他,テレワーク,その他（夜）,テレワーク,その他,テレワーク（夜）,その他,テレワーク,その他（夜）,テレワーク,その他,テレワーク（夜）,,その他,テレワーク,その他（夜）,テレワーク,その他,テレワーク（夜）,その他,,テレワーク,その他（夜）,テレワーク,その他,テレワーク（夜）,その他,テレワーク,その他（夜）,テレワーク,その他,テレワーク（夜）,その他,テレワーク,その他（夜）,テレワーク,その他,テレワーク（夜）,その他,テレワーク,その他（夜）,テレワーク,その他,テレワーク（夜）,その他,テレワーク,その他（夜）,テレワーク,その他,テレワーク（夜）,その他,
松本龍太郎,ryutaro.matsumoto,拠点A（夜）,その他,テレワーク,拠点A（夜）,その他,テレワーク,拠点A,その他（夜）,テレワーク,拠点A,その他（夜）,テレワーク,拠点A,その他,テレワーク（夜）,拠点A,その他,テレワーク,拠点A（夜）,その他,テレワーク,拠点A,その他（夜）,テレワーク,拠点A,その他,テレワーク（夜）,拠点A,,その他,テレワーク,拠点A（夜）,その他,テレワーク,拠点A,その他,,テレワーク,拠点A（夜）,その他,テレワーク,拠点A,その他（夜）,テレワーク,拠点A,その他,テレワーク（夜）,拠点A,その他,テレワーク,拠点A（夜）,その他,テレワーク,拠点A,その他（夜）,テレワーク,拠点A,その他,テレワーク（夜）,拠点A,その他,テレワーク,拠点A（夜）,その他,テレワーク,拠点A,その他,テレワーク
井上優子,yuko.inoue,テレワーク（夜）,拠点A,その他,テレワーク,拠点A（夜）,その他,テレワーク,拠点A,その他（夜）,テレワーク,拠点A,その他,テレワーク（夜）,拠点A,その他,テレワーク,拠点A（夜）,その他,テレワーク,拠点A,その他（夜）,テレワーク,拠点A,その他,テレワーク（夜）,拠点A,その他,テレワーク,,拠点A（夜）,その他,テレワーク,拠点A,テレワーク,テレワーク,拠点A,,その他,テレワーク（夜）,拠点A,テレワーク,テレワーク,拠点A（夜）,その他,テレワーク,拠点A,その他（夜）,テレワーク,拠点A,その他,テレワーク（夜）,拠点A,その他,テレワーク,拠点A（夜）,その他,テレワーク,拠点A,その他（夜）,テレワーク,拠点A,その他,テレワーク（夜）,拠点A,その他,テレワーク,拠点A,その他
木村拓哉,takuya.kimura,その他（夜）,テレワーク,拠点A,その他,テレワーク（夜）,拠点A,その他,テレワーク,拠点A（夜）,その他,テレワーク,拠点A,その他（夜）,テレワーク,拠点A,その他,テレワーク（夜）,拠点A,その他,テレワーク,拠点A（夜）,その他,テレワーク,拠点A,その他（夜）,テレワーク,拠点A,その他,,テレワーク（夜）,拠点A,その他,テレワーク,拠点A（夜）,その他,テレワーク,,拠点A,その他（夜）,テレワーク,拠点A,その他,テレワーク（夜）,拠点A,その他,テレワーク,拠点A（夜）,その他,テレワーク,拠点A,その他（夜）,テレワーク,拠点A,その他,テレワーク（夜）,拠点A,その他,テレワーク,拠点A（夜）,その他,テレワーク,拠点A,その他（夜）,テレワーク,拠点A,その他,テレワーク,拠点A
林陽子,yoko.hayashi,拠点A（夜）,その他,テレワーク,拠点A,その他（夜）,テレワーク,拠点A,その他,テレワーク（夜）,拠点A,その他,テレワーク,拠点A（夜）,拠点B,テレワーク,拠点A（夜）,その他,テレワーク,拠点A,その他（夜）,テレワーク,拠点A,その他,テレワーク（夜）,拠点A,その他,テレワーク,拠点A（夜）,,その他,テレワーク,拠点A,その他（夜）,テレワーク,拠点A,その他,,テレワーク,拠点A（夜）,その他,テレワーク,拠点A,その他（夜）,テレワーク,拠点A,その他,テレワーク（夜）,拠点A,その他,テレワーク,拠点A（夜）,その他,テレワーク,拠点A,その他（夜）,テレワーク,拠点A,その他,テレワーク（夜）,拠点A,その他,テレワーク,拠点A（夜）,その他,テレワーク,拠点A,その他,テレワーク
清水雄大,yudai.shimizu,テレワーク（夜）,拠点A,その他,テレワーク,拠点A（夜）,その他,テレワーク,拠点A,その他（夜）,テレワーク,拠点A,その他,テレワーク（夜）,拠点A,その他,テレワーク,拠点A（夜）,その他,テレワーク,拠点A,その他（夜）,テレワーク,拠点A,その他,テレワーク（夜）,拠点A,その他,テレワーク,,拠点A（夜）,その他,テレワーク,拠点A,その他（夜）,テレワーク,拠点A,,その他,テレワーク（夜）,拠点A,その他,テレワーク,拠点A（夜）,その他,テレワーク,拠点A,その他（夜）,テレワーク,拠点A,その他,テレワーク（夜）,拠点A,その他,テレワーク,拠点A（夜）,その他,テレワーク,拠点A,その他（夜）,テレワーク,拠点A,その他,テレワーク（夜）,拠点A,その他,テレワーク,拠点A,その他
中島美和,miwa.nakajima,その他（夜）,テレワーク,その他,テレワーク（夜）,その他,テレワーク,その他（夜）,テレワーク,その他,テレワーク（夜）,その他,テレワーク,その他（夜）,テレワーク,その他,テレワーク（夜）,その他,テレワーク,その他（夜）,テレワーク,その他,拠点B（夜）,その他,テレワーク,その他（夜）,テレワーク,拠点B,拠点A（夜）,,その他,テレワーク,その他（夜）,テレワーク,その他,テレワーク（夜）,その他,テレワーク（夜）,テレワーク,その他（夜）,テレワーク,その他,テレワーク（夜）,その他,テレワーク,その他（夜）,テレワーク,その他,テレワーク（夜）,その他,テレワーク,その他（夜）,テレワーク,その他,テレワーク（夜）,その他,テレワーク,その他（夜）,テレワーク,その他,テレワーク（夜）,その他,テレワーク,その他（夜）,テレワーク,その他,テレワーク（夜）,その他,
斎藤健一,kenichi.saito,テレワーク（夜）,その他,拠点A,テレワーク（夜）,その他,拠点A,テレワーク,その他（夜）,拠点A,テレワーク,その他（夜）,拠点A,テレワーク,その他,拠点A（夜）,テレワーク,その他,拠点A（夜）,テレワーク,その他,拠点A,テレワーク（夜）,その他,拠点A,テレワーク,その他（夜）,拠点A,テレワーク,,その他,拠点A（夜）,テレワーク,その他,拠点A,テレワーク（夜）,その他,,拠点A,テレワーク（夜）,その他,拠点A,テレワーク,その他（夜）,拠点A,テレワーク,その他,拠点A（夜）,テレワーク,その他,拠点A,テレワーク（夜）,その他,拠点A,テレワーク,その他（夜）,拠点A,テレワーク,その他,拠点A（夜）,テレワーク,その他,拠点A（夜）,テレワーク,その他,拠点A,テレワーク（夜）,その他,拠点A
岡田真由美,mayumi.okada,拠点A（夜）,テレワーク,その他,拠点A（夜）,テレワーク,その他,拠点A,テレワーク（夜）,その他,拠点A,テレワーク,その他（夜）,拠点A,テレワーク,その他,拠点A（夜）,テレワーク,その他,拠点A,テレワーク（夜）,その他,拠点A,テレワーク,その他（夜）,拠点A,テレワーク,その他,拠点A（夜）,,テレワーク,その他,拠点A,テレワーク（夜）,その他,拠点A,テレワーク,,その他,拠点A（夜）,テレワーク,その他,拠点A,テレワーク（夜）,その他,拠点A,テレワーク,その他（夜）,拠点A,テレワーク,その他,拠点A（夜）,テレワーク,その他,拠点A,テレワーク（夜）,その他,拠点A,テレワーク,その他（夜）,拠点A,テレワーク,その他,拠点A（夜）,テレワーク,その他,拠点A,テレワーク,その他
藤田裕子,yuko.fujita,その他（夜）,拠点A,テレワーク,その他（夜）,拠点A,テレワーク,その他,拠点A（夜）,テレワーク,その他,拠点A,テレワーク（夜）,その他,拠点A,テレワーク,その他（夜）,拠点A,テレワーク,その他,拠点A（夜）,テレワーク,その他,拠点A,テレワーク（夜）,その他,拠点A,テレワーク,その他（夜）,,拠点A,テレワーク,その他,拠点A（夜）,テレワーク,その他,拠点A,,テレワーク,その他（夜）,拠点A,テレワーク,その他,拠点A（夜）,テレワーク,その他,拠点A,テレワーク（夜）,その他,拠点A,テレワーク,その他（夜）,拠点A,テレワーク,その他,拠点A（夜）,テレワーク,その他,拠点A,テレワーク（夜）,その他,拠点A,テレワーク,その他（夜）,拠点A,テレワーク,その他,拠点A,テレワーク
後藤隆之,takayuki.goto,テレワーク（夜）,その他,テレワーク,拠点A（夜）,その他,テレワーク,拠点A,その他（夜）,テレワーク,拠点A,その他,テレワーク（夜）,拠点A,その他,テレワーク,拠点A（夜）,その他,テレワーク,拠点A,その他（夜）,テレワーク,拠点A,その他,テレワーク（夜）,拠点A,その他,テレワーク,拠点A（夜）,,その他,テレワーク,拠点A,その他（夜）,テレワーク,拠点A,その他,,テレワーク,拠点A（夜）,その他,テレワーク,拠点A,その他（夜）,テレワーク,拠点A,その他,テレワーク（夜）,拠点A,その他,テレワーク,拠点A（夜）,その他,テレワーク,拠点A,その他（夜）,テレワーク,拠点A,その他,テレワーク（夜）,拠点A,その他,テレワーク,拠点A（夜）,その他,テレワーク,拠点A,その他,テレワーク
田中太郎,taro.tanaka,,,,,,,,,,,,,,,,,,,,,,,,,,,,,,,拠点B（夜）,,,,,,,,,,,,,,,,,,,,,,,,,,,,,,,,,,,,,
